<?xml version="1.0" encoding="UTF-8"?>
<project-private xmlns="http://www.netbeans.org/ns/project-private/1">
    <editor-bookmarks xmlns="http://www.netbeans.org/ns/editor-bookmarks/2" lastBookmarkId="1">
        <file>
            <url>src/CourseQueries.java</url>
            <bookmark id="1">
                <name/>
                <line>38</line>
                <key/>
            </bookmark>
        </file>
    </editor-bookmarks>
    <open-files xmlns="http://www.netbeans.org/ns/projectui-open-files/2">
        <group>
            <file>file:/Users/ashrafur/Downloads/CourseSchedulerAshrafurKhanmrk5901/src/ScheduleQuery.java</file>
            <file>file:/Users/ashrafur/Downloads/CourseSchedulerAshrafurKhanmrk5901/src/ScheduleEntry.java</file>
            <file>file:/Users/ashrafur/Downloads/CourseSchedulerAshrafurKhanmrk5901/src/CourseQueries.java</file>
            <file>file:/Users/ashrafur/Downloads/CourseSchedulerAshrafurKhanmrk5901/src/MainFrame.java</file>
            <file>file:/Users/ashrafur/Downloads/CourseSchedulerAshrafurKhanmrk5901/src/StudentQueries.java</file>
            <file>file:/Users/ashrafur/Downloads/CourseSchedulerAshrafurKhanmrk5901/src/CourseEntry.java</file>
        </group>
    </open-files>
</project-private>
